Name,Links,Cost,Collections,Cuisines,Timings,num_cuisines,num_collections,avg_rating,rating_std,avg_pictures,avg_reviewer_followers,has_reviews,cost_bucket,cluster,cluster_label,pca_1,pca_2,cluster_label_ordered
Beyond Flavours,https://www.zomato.com/hyderabad/beyond-flavours-gachibowli,800.0,"Food Hygiene Rated Restaurants in Hyderabad, Corporate Favorites, Great Buffets, Top-Rated, Gold Curated, Live Sports Screenings","Chinese, Continental, Kebab, European, South Indian, North Indian","12noon to 3:30pm, 6:30pm to 11:30pm (Mon-Sun)",6,6,4.28,1.2397458195007949,0.39,134.14666666666668,1,Upper-Mid,2,Premium & Curated,-2.8569911338114746,1.7022995918872217,Premium & Curated
Paradise,https://www.zomato.com/hyderabad/paradise-gachibowli,800.0,Hyderabad's Hottest,"Biryani, North Indian, Chinese",11 AM to 11 PM,3,1,4.7,0.7719841941125453,0.02,9.279069767441861,1,Upper-Mid,2,Premium & Curated,-1.8146802972792313,-2.3506216842223018,Premium & Curated
Flechazo,https://www.zomato.com/hyderabad/flechazo-gachibowli,1300.0,"Great Buffets, Hyderabad's Hottest","Asian, Mediterranean, North Indian, Desserts","11:30 AM to 4:30 PM, 6:30 PM to 11 PM",4,2,4.66,0.878704280245187,0.55,40.411764705882355,1,Premium,2,Premium & Curated,-2.79313790705737,-1.1003542224098473,Premium & Curated
Shah Ghouse Hotel & Restaurant,https://www.zomato.com/hyderabad/shah-ghouse-hotel-restaurant-gachibowli,800.0,Late Night Restaurants,"Biryani, North Indian, Chinese, Seafood, Beverages",12 Noon to 2 AM,5,1,3.21,1.6036259419254109,0.3,155.82894736842104,1,Upper-Mid,1,Budget Everyday,0.5343142797220118,1.7777802912491414,Budget Everyday
Over The Moon Brew Company,https://www.zomato.com/hyderabad/over-the-moon-brew-company-gachibowli,1200.0,"Best Bars & Pubs, Food Hygiene Rated Restaurants in Hyderabad, Top-Rated, Gold Curated, Hyderabad's Hottest","Asian, Continental, North Indian, Chinese, Mediterranean","12noon to 11pm (Mon, Tue, Wed, Thu, Sun), 12noon to 12midnight (Fri-Sat)",5,5,4.34,1.0657192762437846,0.44,73.02083333333333,1,Upper-Mid,2,Premium & Curated,-3.101126728713628,0.7035194212468824,Premium & Curated
The Fisherman's Wharf,https://www.zomato.com/hyderabad/the-fishermans-wharf-gachibowli,1500.0,"Sunday Brunches, Corporate Favorites, Great Buffets, Hyderabad's Hottest, Food Hygiene Rated Restaurants in Hyderabad, Top-Rated, Gold Curated","Seafood, Goan, North Indian, Continental, Asian","12Noon to 3:30PM, 4PM to 6:30PM, 7PM to 11:30PM (Mon, Tue, Wed, Thu, Sun), 12Noon to 3:30PM, 4PM to 6:30PM, 7PM to 12Midnight (Fri-Sat)",5,7,4.22,1.0878576852853243,1.13,145.16470588235293,1,Premium,2,Premium & Curated,-4.082216902838992,1.5177453674729504,Premium & Curated
eat.fit,https://www.zomato.com/hyderabad/eat-fit-gachibowli,500.0,Food Hygiene Rated Restaurants in Hyderabad,"Healthy Food, North Indian, Continental, South Indian",7 AM to 10 PM,4,1,3.2,1.5954480704349314,0.58,251.97368421052633,1,Budget,1,Budget Everyday,0.9370050669556017,1.1868205482467182,Budget Everyday
Shah Ghouse Spl Shawarma,https://www.zomato.com/hyderabad/shah-ghouse-spl-shawarma-gachibowli,300.0,,Lebanese,12 Noon to 12 Midnight,1,0,3.43,1.6283783840422843,0.09,149.63291139240508,1,Budget,1,Budget Everyday,2.2098571467355335,-0.9359475480064773,Budget Everyday
Hyper Local,https://www.zomato.com/hyderabad/hyper-local-gachibowli,1000.0,"Great Buffets, Live Sports Screenings, Best Bars & Pubs, Trending This Week","American, Chinese, North Indian, Kebab, South Indian",12 Noon to 12 Midnight,5,4,3.64,1.487455966583634,1.31,170.3372093023256,1,Upper-Mid,0,Mid-Premium / Photogenic,-1.5470309031374148,2.0399947959233398,Mid-Premium / Photogenic
Cream Stone,https://www.zomato.com/hyderabad/cream-stone-gachibowli,350.0,Frozen Delights,"Ice Cream, Desserts","10 AM to 1 AM (Mon-Thu), 10 AM to 1:30 AM (Fri-Sun)",2,1,3.845,1.520391695942499,0.43,159.03614457831324,1,Budget,1,Budget Everyday,0.8959613961024853,-0.7151166829793331,Budget Everyday
Sardarji's Chaats & More,https://www.zomato.com/hyderabad/sardarjis-chaats-more-gachibowli,400.0,"Street Food, Veggie Friendly, Pocket Friendly","Street Food, North Indian, Fast Food","12 Noon to 3:30 PM, 7 PM to 10:30 PM",3,3,3.25,1.5000000000000002,0.25,244.6888888888889,1,Budget,1,Budget Everyday,0.6236506284611388,0.7761005634065176,Budget Everyday
Barbeque Nation,https://www.zomato.com/hyderabad/barbeque-nation-gachibowli,1600.0,Barbecue & Grill,"Mediterranean, North Indian, Kebab, BBQ","12 Noon to 3:30 PM, 6:30 PM to 11:30 PM",4,1,4.12,1.110373492537215,0.85,346.80898876404495,1,Premium,2,Premium & Curated,-1.9708411964924868,-0.20859459829842103,Premium & Curated
Absolute Sizzlers,https://www.zomato.com/hyderabad/absolute-sizzlers-gachibowli,750.0,Great Buffets,"Continental, American, Chinese",11:30 AM to 1 AM,3,1,3.62,1.581330471661778,0.45,225.36986301369862,1,Upper-Mid,1,Budget Everyday,0.5932409428045646,0.286337423766442,Budget Everyday
The Lal Street - Bar Exchange,https://www.zomato.com/hyderabad/the-lal-street-bar-exchange-gachibowli,1300.0,"Corporate Favorites, Happy Hours, Live Sports Screenings, Rooftops, Trending This Week","North Indian, Italian, Finger Food",12noon to 12midnight (Mon-Sun),3,5,3.45,1.2978225742925862,0.62,115.6701030927835,1,Premium,2,Premium & Curated,-1.5009173867331214,1.0020827739958285,Premium & Curated
AB's - Absolute Barbecues,https://www.zomato.com/hyderabad/abs-absolute-barbecues-gachibowli,1500.0,"Barbecue & Grill, Great Buffets, Corporate Favorites, Hyderabad's Hottest","European, Mediterranean, North Indian","12 Noon to 4:30 PM, 6:30 PM to 11:30 PM",3,4,4.88,0.4980771105770752,0.24,10.6,1,Premium,2,Premium & Curated,-4.092358308823611,-2.114389299647017,Premium & Curated
KFC,https://www.zomato.com/hyderabad/kfc-gachibowli,500.0,,"Burger, Fast Food",11 AM to 11 PM,2,0,2.85,1.6229104669815844,0.16,170.97333333333333,1,Budget,1,Budget Everyday,2.274700581305815,0.22159580780282095,Budget Everyday
NorFest - The Dhaba,https://www.zomato.com/hyderabad/norfest-the-dhaba-gachibowli,550.0,,North Indian,12 Noon to 10:30 PM,1,0,4.03,1.1499231419200293,0.64,298.7113402061856,1,Mid,1,Budget Everyday,0.2794482945369939,-2.2486368574832243,Budget Everyday
Hotel Zara Hi-Fi,https://www.zomato.com/hyderabad/hotel-zara-gachibowli,400.0,,"Chinese, North Indian",11:30 AM to 1 AM,2,0,2.4,1.7349642676726835,0.05,33.054545454545455,1,Budget,1,Budget Everyday,3.0449504898504305,0.8158142745464614,Budget Everyday
10 Downing Street,https://www.zomato.com/hyderabad/10-downing-street-gachibowli,1900.0,Trending This Week,"North Indian, Chinese, Continental",12 Noon to 12 Midnight,3,1,3.8,1.0917505172516258,1.05,261.4148936170213,1,Premium,0,Mid-Premium / Photogenic,-1.8203657320846556,-0.3340076409746777,Mid-Premium / Photogenic
Pakwaan Grand,https://www.zomato.com/hyderabad/pakwaan-grand-gachibowli,400.0,Trending This Week,"North Indian, Chinese, Biryani",12 Noon to 11 PM,3,1,2.71,1.5061825449081059,0.17,161.16883116883116,1,Budget,1,Budget Everyday,1.7379801699432316,0.85348876662751,Budget Everyday
13 Dhaba,https://www.zomato.com/hyderabad/13-dhaba-gachibowli,450.0,Veggie Friendly,North Indian,"12:30 PM to 10 PM (Tue-Sun), Mon Closed",1,1,3.48,1.5665699518825882,0.41,114.28,1,Budget,1,Budget Everyday,1.4890093314339703,-0.777735468057881,Budget Everyday
Jonathan's Kitchen - Holiday Inn Express & Suites,https://www.zomato.com/hyderabad/jonathans-kitchen-holiday-inn-express-suites-gachibowli,1900.0,"Great Italian, Sunday Brunches","North Indian, Japanese, Italian, Salad, Sushi","11:30 AM to 3 PM, 7 PM to 11 PM",5,2,3.535,1.4271094611631634,1.63,275.4591836734694,1,Premium,0,Mid-Premium / Photogenic,-1.9638385292043385,1.9411108674643167,Mid-Premium / Photogenic
B-Dubs,https://www.zomato.com/hyderabad/b-dubs-gachibowli,1600.0,Hyderabad's Hottest,American,"11am to 11:30pm (Mon, Tue, Wed, Thu, Sun), 11am to 12midnight (Fri-Sat)",1,1,4.81,0.6145541210314739,0.16,48.77777777777778,1,Premium,2,Premium & Curated,-2.514814431940751,-3.528360218656136,Premium & Curated
Amul,https://www.zomato.com/hyderabad/amul-gachibowli,150.0,,"Ice Cream, Desserts",10 AM to 5 AM,2,0,3.94,1.5163752633810468,0.13,97.33333333333333,1,Budget,1,Budget Everyday,1.394594079290455,-1.151596018805578,Budget Everyday
SKYHY,https://www.zomato.com/hyderabad/skyhy-gachibowli,1400.0,"Live Sports Screenings, Gigs and Events","North Indian, Chinese, Continental","12 Noon to 12 Midnight (Mon-Thu, Sun), 12 Noon to 1 AM (Fri-Sat)",3,2,3.37,1.4815702835338276,0.57,82.45833333333333,1,Premium,0,Mid-Premium / Photogenic,-0.29843663740570187,0.7943476265195022,Mid-Premium / Photogenic
Tiki Shack,https://www.zomato.com/hyderabad/tiki-shack-gachibowli,1000.0,,Continental,"12Noon to 11PM (Mon-Thu),12Noon to 11:30PM (Fri-Sun)",1,0,3.48,1.4247452368402536,0.7,206.10227272727272,1,Upper-Mid,1,Budget Everyday,0.8723204867113777,-1.0351470447209066,Budget Everyday
Mustang Terrace Lounge,https://www.zomato.com/hyderabad/mustang-terrace-lounge-gachibowli,1300.0,"Rooftops, Live Sports Screenings, Best Bars & Pubs","Mexican, Italian, North Indian, Chinese, Salad","12 Noon to 11:30 PM (Mon-Wed), 12 Noon to 1 AM (Fri-Sat), 12 Noon to 12 Midnight (Sun), Thu Closed",5,3,3.31,1.5615001851690022,0.42,63.34090909090909,1,Premium,0,Mid-Premium / Photogenic,-0.7180183978551443,2.229006819839558,Mid-Premium / Photogenic
"3B's - Buddies, Bar & Barbecue",https://www.zomato.com/hyderabad/3bs-buddies-bar-barbecue-gachibowli,1100.0,"Barbecue & Grill, Live Sports Screenings","North Indian, Mediterranean, European","12 Noon to 4 PM, 6:30 PM to 11:30 PM",3,2,4.76,0.8302366706505617,0.13,17.278350515463917,1,Upper-Mid,2,Premium & Curated,-2.366626375779758,-1.9582356230651796,Premium & Curated
Behrouz Biryani,https://www.zomato.com/hyderabad/behrouz-biryani-gachibowli,600.0,,"Mughlai, Biryani",10 AM to 1 AM,2,0,2.825,1.6702612751521029,0.36,131.5125,1,Mid,1,Budget Everyday,2.2112652964598127,0.403067572486334,Budget Everyday
Hunger Maggi Point,https://www.zomato.com/hyderabad/hunger-maggi-point-gachibowli,200.0,,Fast Food,4:30 PM to 5:30 AM,1,0,3.12,1.5781334070683157,0.3,119.85555555555555,1,Budget,1,Budget Everyday,2.406459899319859,-0.7318770335934903,Budget Everyday
Pot Pourri,https://www.zomato.com/hyderabad/pot-pourri-gachibowli,900.0,,"Andhra, South Indian, North Indian",,3,0,3.32,1.3624102231565993,0.76,128.51190476190476,1,Upper-Mid,1,Budget Everyday,0.4700805190314529,0.039737405984716576,Budget Everyday
Pista House,https://www.zomato.com/hyderabad/pista-house-2-gachibowli,1000.0,Haleem,"Bakery, North Indian, Mughlai, Juices, Chinese",11 AM to 12 Midnight,5,1,3.23,1.448475339134501,1.46,573.7977528089888,1,Upper-Mid,0,Mid-Premium / Photogenic,-0.4530570864137517,1.725013231676321,Mid-Premium / Photogenic
Marsala Food Company,https://www.zomato.com/hyderabad/marsala-food-company-gachibowli,700.0,"Mandi, Great Buffets, The ‘Must Visit’ Eateries","Arabian, North Indian, Chinese","12noon to 4pm, 7pm to 12midnight (Mon-Sun)",3,3,3.46,1.540169215417972,2.76,178.47191011235955,1,Mid,0,Mid-Premium / Photogenic,-0.8305702025783268,1.1738581265839032,Mid-Premium / Photogenic
Club Rogue,https://www.zomato.com/hyderabad/club-rogue-gachibowli,900.0,,"North Indian, Fast Food",11 AM to 12 Midnight,2,0,2.88,1.5260697523012798,0.12,132.56382978723406,1,Upper-Mid,1,Budget Everyday,1.7099884955895954,0.13533728821176305,Budget Everyday
Mazzo - Marriott Executive Apartments,https://www.zomato.com/hyderabad/mazzo-marriott-executive-apartments-gachibowli,1700.0,"Top-Rated, Gold Curated, Fancy and Fun","Italian, North Indian, South Indian, Asian",6am to 12midnight (Mon-Sun),4,3,4.19,1.160764290187176,1.46,201.41379310344828,1,Premium,2,Premium & Curated,-2.8563889764798396,0.39640691001158046,Premium & Curated
Green Bawarchi Restaurant,https://www.zomato.com/hyderabad/green-bawarchi-restaurant-gachibowli,700.0,,"North Indian, Chinese, Biryani",12 Noon to 11 PM,3,0,3.49,1.6544705277739848,0.06,105.45283018867924,1,Mid,1,Budget Everyday,1.3471419047396833,0.24833703795526396,Budget Everyday
Banana Leaf Multicuisine Restaurant,https://www.zomato.com/hyderabad/banana-leaf-multicuisine-restaurant-gachibowli,700.0,Great Buffets,"Biryani, South Indian, North Indian, Chinese, Andhra","12:30 PM to 3:30 PM, 7 PM to 10:40 PM",5,1,3.69,1.2528351685660648,0.42,94.1875,1,Mid,0,Mid-Premium / Photogenic,-0.5371488330011087,0.6342509699654961,Mid-Premium / Photogenic
Kritunga Restaurant,https://www.zomato.com/hyderabad/kritunga-restaurant-gachibowli,500.0,,"Andhra, Biryani, Hyderabadi, North Indian","12 Noon to 4 PM, 7 PM to 11 PM",4,0,3.47,1.6542262984442746,0.14,37.05,1,Budget,1,Budget Everyday,1.2665281719562616,0.7452460424452296,Budget Everyday
The Glass Onion,https://www.zomato.com/hyderabad/the-glass-onion-gachibowli,1200.0,Fancy and Fun,"North Indian, Continental, Italian, Asian","12noon to 11pm (Mon, Tue, Wed, Thu, Sun), 12noon to 12midnight (Fri-Sat)",4,1,3.83,1.3337499349161706,1.58,152.09375,1,Upper-Mid,0,Mid-Premium / Photogenic,-1.214672305956039,0.48502215919821323,Mid-Premium / Photogenic
Deli 9 Bistro,https://www.zomato.com/hyderabad/deli-9-bistro-gachibowli,700.0,,"Cafe, Continental, Desserts",12 Noon to 10:30 PM,3,0,3.82,1.1492641475344478,1.35,299.0,1,Mid,0,Mid-Premium / Photogenic,-0.4640381212237869,-0.8149424634081085,Mid-Premium / Photogenic
Frio Bistro,https://www.zomato.com/hyderabad/frio-bistro-gachibowli,1200.0,,"European, Italian, Continental, Spanish",12noon to 11pm (Mon-Sun),4,0,3.61,1.188284562729064,1.01,180.30434782608697,1,Upper-Mid,0,Mid-Premium / Photogenic,-0.763004369273469,0.10318172155909688,Mid-Premium / Photogenic
Karachi Bakery,https://www.zomato.com/hyderabad/karachi-bakery-gachibowli,500.0,,"Bakery, Fast Food, Desserts",10 AM to 10 PM,3,0,3.8,1.4770978917519928,0.39,198.075,1,Budget,1,Budget Everyday,0.7673224039216634,-0.39926371089016277,Budget Everyday
Karachi Cafe,https://www.zomato.com/hyderabad/karachi-cafe-gachibowli,600.0,,"Cafe, Desserts, Fast Food",10 AM to 10 PM,3,0,3.715,1.193955737466973,1.39,241.25555555555556,1,Mid,0,Mid-Premium / Photogenic,-0.2059038854104427,-0.655550728466188,Mid-Premium / Photogenic
The Foodie Monster Kitchen,https://www.zomato.com/hyderabad/the-foodie-monster-kitchen-gachibowli,500.0,"Great Breakfasts, Late Night Restaurants, Best shawarmas","American, Wraps, Desserts",7 AM to 1 AM,3,3,3.58,1.3793571918202563,0.24,191.2560975609756,1,Budget,1,Budget Everyday,-0.0007534661104399355,0.26065859738237457,Budget Everyday
La La Land - Bar & Kitchen,https://www.zomato.com/hyderabad/la-la-land-bar-kitchen-gachibowli,1000.0,"Great Buffets, Trending This Week","Finger Food, North Indian, Kebab, Chinese",12 Noon to 11:30 PM,4,2,3.19,1.4333333333333333,0.77,147.42268041237114,1,Upper-Mid,0,Mid-Premium / Photogenic,-0.1873164996273894,1.3067868185968905,Mid-Premium / Photogenic
Owm Nom Nom,https://www.zomato.com/hyderabad/owm-nom-nom-gachibowli,900.0,,"Chinese, Biryani, Andhra, North Indian",12Noon to 11:30PM (Mon-Sun),4,0,3.29,1.67751018001096,0.09,81.37878787878788,1,Upper-Mid,1,Budget Everyday,1.1296880753400362,1.088207084879885,Budget Everyday
Ulavacharu,https://www.zomato.com/hyderabad/ulavacharu-gachibowli,1400.0,"Function Venues, Regional Favorites","Andhra, North Indian, Chinese",12 Noon to 11:30 PM,3,2,3.225,1.4913470962911892,1.02,286.20454545454544,1,Premium,0,Mid-Premium / Photogenic,-0.33472116009761216,1.0281369182646642,Mid-Premium / Photogenic
Shanghai Chef 2,https://www.zomato.com/hyderabad/shanghai-chef-2-gachibowli,800.0,Pan-Asian Delicacies,"Chinese, Thai, Indonesian, Asian",12 Noon to 11 PM,4,1,3.06,1.5362291495737217,1.27,223.11363636363637,1,Upper-Mid,0,Mid-Premium / Photogenic,0.3865463085743325,1.4251253514631488,Mid-Premium / Photogenic
Udipi's Upahar,https://www.zomato.com/hyderabad/udipis-upahar-gachibowli,500.0,,"South Indian, North Indian, Chinese",6 AM to 10:30 PM,3,0,4.03,1.2984450685183397,0.17,184.42105263157896,1,Budget,1,Budget Everyday,0.3065404078222878,-0.9980221925430828,Budget Everyday
Mathura Vilas,https://www.zomato.com/hyderabad/mathura-vilas-gachibowli,500.0,"Veggie Friendly, Terrific Thalis","South Indian, North Indian, Chinese","11:30 AM to 3:30 PM, 6:45 PM to 11:30 PM",3,2,2.82,1.5464524407543714,0.31,89.33333333333333,1,Budget,1,Budget Everyday,1.2774871559032988,1.1015987234147526,Budget Everyday
Gal Punjab Di,https://www.zomato.com/hyderabad/gal-punjab-di-gachibowli,800.0,,"North Indian, Continental","11:55 AM to 4 PM, 7 PM to 11:15 PM",2,0,3.61,1.2135181344447488,0.97,181.91011235955057,1,Upper-Mid,1,Budget Everyday,0.1710071089385186,-1.0527072337571597,Budget Everyday
Hitech Bawarchi Food Zone,https://www.zomato.com/hyderabad/hitech-bawarchi-food-zone-gachibowli,500.0,,"Biryani, North Indian, Chinese",12 Noon to 11 PM,3,0,3.05,1.7602513594611564,0.01,236.1864406779661,1,Budget,1,Budget Everyday,2.163264121193934,0.7975957582776225,Budget Everyday
Biryanis And More,https://www.zomato.com/hyderabad/biryanis-and-more-gachibowli,500.0,,"North Indian, Biryani, Chinese",11 AM to 11 PM,3,0,3.74,1.3455500921574977,0.8,128.4578313253012,1,Budget,1,Budget Everyday,0.4001754214888982,-0.5233702981524674,Budget Everyday
Diners Pavilion,https://www.zomato.com/hyderabad/diners-pavilion-gachibowli,1200.0,"Great Buffets, Live Sports Screenings","Chinese, Continental, Italian","12noon to 4:30pm, 6:30pm to 11:30pm (Mon, Tue, Wed, Fri, Sat), Closed (Thu),12noon to 12midnight (Sun)",3,2,3.32,1.4694189052791988,0.78,237.20212765957447,1,Upper-Mid,0,Mid-Premium / Photogenic,-0.17879080787881999,0.787623220885273,Mid-Premium / Photogenic
Asian Meal Box,https://www.zomato.com/hyderabad/asian-meal-box-gachibowli,200.0,,Asian,"12noon to 12midnight (Mon, Tue, Wed, Thu, Sun), 12noon to 1am (Fri-Sat)",1,0,2.58,1.5516690264604651,0.17,125.64935064935065,1,Budget,1,Budget Everyday,2.9130908417319596,-0.28512182822415416,Budget Everyday
Cafe Eclat,https://www.zomato.com/hyderabad/cafe-eclat-gachibowli,700.0,Sneak Peek Hyderabad,"Cafe, Bakery",8 AM to 11:30 PM,2,1,3.59,1.2500101009692892,1.31,233.42268041237114,1,Mid,0,Mid-Premium / Photogenic,-0.075313675005203,-0.7201367553516338,Mid-Premium / Photogenic
Feast - Sheraton Hyderabad Hotel,https://www.zomato.com/hyderabad/feast-sheraton-hyderabad-hotel-gachibowli,2500.0,"Sunday Brunches, Great Breakfasts, Function Venues, Ramzan Mubarak","Modern Indian, Asian, Continental, Italian","6:30am to 10:30am, 12:30pm to 3pm, 7pm to 11pm (Mon),6:30am to 10:30am, 12:30pm to 3pm, 7:30pm to 11pm (Tue-Sat),6:30am to 10:30am, 12:30pm to 3:30pm, 7pm to 11pm (Sun)",4,4,4.22,1.2274635093014643,1.58,234.6,1,Premium,2,Premium & Curated,-3.8305524625991496,1.0028607167927193,Premium & Curated
Being Hungry,https://www.zomato.com/hyderabad/being-hungry-gachibowli,450.0,,"North Indian, Chinese","12 Noon to 3 PM, 7 PM to 11:30 PM",2,0,3.66,1.5905021124465597,0.03,90.12698412698413,1,Budget,1,Budget Everyday,1.5608749187115385,-0.6574736029197926,Budget Everyday
Tempteys,https://www.zomato.com/hyderabad/tempteys-gachibowli,350.0,Best Milkshakes,"Desserts, Beverages",11:30 AM to 1 AM,2,1,3.85,1.4310764472870756,1.13,319.0120481927711,1,Budget,1,Budget Everyday,0.42640847030239754,-0.7723624974183879,Budget Everyday
KS Bakers,https://www.zomato.com/hyderabad/ks-bakers-gachibowli,200.0,,"Bakery, Desserts, Fast Food",9 AM to 10 PM,3,0,3.965,1.202386095741432,0.68,172.01136363636363,1,Budget,1,Budget Everyday,0.24653121884780393,-1.133287421209714,Budget Everyday
PourHouse7,https://www.zomato.com/hyderabad/pourhouse7-gachibowli,1200.0,"Happy Hours, Top Drinking Destinations, Corporate Favorites","North Indian, Continental, Chinese, Italian","12 Noon to 12 Midnight (Mon-Thu, Sun), 12 Noon to 1 AM (Fri-Sat)",4,3,3.86,1.3485495387956123,3.56,233.38,1,Upper-Mid,0,Mid-Premium / Photogenic,-2.615848386853164,1.2577786927713024,Mid-Premium / Photogenic
Prism Club & Kitchen,https://www.zomato.com/hyderabad/prism-club-kitchen-gachibowli,1200.0,"Sneak Peek Hyderabad, Best Bars & Pubs, Gigs and Events","Kebab, Continental, Italian, North Indian",5pm to 12midnight (Mon-Sun),4,3,4.215,1.2816793749616244,0.51,182.22448979591837,1,Upper-Mid,2,Premium & Curated,-1.7873059814593009,0.27553251116551647,Premium & Curated
Shree Santosh Dhaba Family Restaurant,https://www.zomato.com/hyderabad/shree-santosh-dhaba-family-restaurant-gachibowli,500.0,,"North Indian, Chinese, Fast Food",11 AM to 11:30 PM,3,0,2.83,1.6456554372595191,0.02,8.264705882352942,1,Budget,1,Budget Everyday,2.145755948266575,0.7922739155093261,Budget Everyday
Dine O China,https://www.zomato.com/hyderabad/dine-o-china-gachibowli,850.0,,"Chinese, Asian, Momos",11:30AM to 11PM (Mon-Sun),3,0,3.37,1.5417096636100733,0.77,135.34939759036143,1,Upper-Mid,1,Budget Everyday,0.8064478717481453,0.31846707187796114,Budget Everyday
Hyderabad Chefs,https://www.zomato.com/hyderabad/hyderabad-chefs-gachibowli,600.0,,"North Indian, Chinese",12 Noon to 10:30 PM,2,0,3.81,1.5155423738281573,0.02,58.676923076923075,1,Mid,1,Budget Everyday,1.144507401559681,-0.8960384840010716,Budget Everyday
Komatose - Holiday Inn Express & Suites,https://www.zomato.com/hyderabad/komatose-holiday-inn-express-suites-gachibowli,1500.0,"Happy Hours, Top-Rated, Gold Curated","North Indian, Chinese, Japanese, Sushi",1 PM to 11 PM,4,3,3.69,1.3758009604693124,0.97,491.79787234042556,1,Premium,0,Mid-Premium / Photogenic,-1.5912670752897868,1.1375746639680264,Mid-Premium / Photogenic
Aromas@11SIX,https://www.zomato.com/hyderabad/aromas11six-gachibowli,750.0,,"North Indian, Chinese, Mughlai, Biryani",11:30 AM to 12 Midnight,4,0,3.46,1.533596815306811,0.05,145.09411764705882,1,Upper-Mid,1,Budget Everyday,0.8534504264822826,0.5934332188914421,Budget Everyday
Yum Yum Tree - The Arabian Food Court,https://www.zomato.com/hyderabad/yum-yum-tree-the-arabian-food-court-gachibowli,1200.0,Food Hygiene Rated Restaurants in Hyderabad,"North Indian, Hyderabadi",12 Noon to 12 Midnight,2,1,3.56,1.4093482984211625,1.29,131.8452380952381,1,Upper-Mid,0,Mid-Premium / Photogenic,-0.19801108153744304,-0.2234279302488142,Mid-Premium / Photogenic
The Tilt Bar Republic,https://www.zomato.com/thetiltbarrepublic,1500.0,"Gigs and Events, Corporate Favorites","North Indian, Continental, Italian",12noon to 12midnight (Mon-Sun),3,2,3.845,1.2054065913645282,1.58,448.1489361702128,1,Premium,0,Mid-Premium / Photogenic,-1.7833497476057187,0.014724456170083174,Mid-Premium / Photogenic
The Indi Grill,https://www.zomato.com/hyderabad/the-indi-grill-gachibowli,1500.0,"Food Hygiene Rated Restaurants in Hyderabad, Great Buffets, Hyderabad's Hottest","BBQ, Asian, Modern Indian",12noon to 11pm (Mon-Sun),3,3,4.6,0.7247430753394787,0.75,65.84,1,Premium,2,Premium & Curated,-3.332700332183222,-1.547214803107075,Premium & Curated
Urban Asia - Kitchen & Bar,https://www.zomato.com/hyderabad/urban-asia-kitchen-bar-gachibowli,1100.0,,"Asian, Thai, Chinese, Sushi, Momos","12 Noon to 3 PM, 7 PM to 11 PM",5,0,3.65,1.3132964154171272,1.78,209.02173913043478,1,Upper-Mid,0,Mid-Premium / Photogenic,-1.0445504483725951,0.9308830371897636,Mid-Premium / Photogenic
Eat India Company,https://www.zomato.com/hyderabad/eat-india-company-gachibowli,1300.0,,"North Indian, Mughlai, Beverages","12 Noon to 3 PM, 7 PM to 11 PM",3,0,3.26,1.5480192622715117,0.78,205.375,1,Premium,1,Budget Everyday,0.5007542924275824,0.5886196097405116,Budget Everyday
Labonel,https://www.zomato.com/hyderabad/labonel-gachibowli,1000.0,Best Bakeries,"Bakery, Desserts","11 AM to 8 PM (Mon-Sat), Sun Closed",2,1,3.915,1.2930564370880915,0.64,295.37373737373736,1,Upper-Mid,1,Budget Everyday,-0.2904118076022436,-0.9628200031501971,Budget Everyday
Driven Cafe,https://www.zomato.com/hyderabad/driven-cafe-gachibowli,600.0,,"Cafe, Fast Food, Beverages",4 AM to 12 Midnight,3,0,3.745,1.0528820475535738,2.12,256.7959183673469,1,Mid,0,Mid-Premium / Photogenic,-0.809753635475169,-0.8304615623144106,Mid-Premium / Photogenic
Faasos,https://www.zomato.com/hyderabad/faasos-gachibowli,600.0,,"Fast Food, Biryani, Desserts",9 AM to 1 AM,3,0,3.03,1.5728440430755952,0.48,433.0,1,Mid,1,Budget Everyday,1.5350365203999257,0.5721244247019923,Budget Everyday
Royal Spicy Restaurant,https://www.zomato.com/hyderabad/royal-spicy-restaurant-gachibowli,700.0,,"North Indian, South Indian",10:30 AM to 11 PM,2,0,3.74,1.6794660045996943,0.06,21.08450704225352,1,Mid,1,Budget Everyday,1.4119950245571882,-0.4759862811546481,Budget Everyday
The Old Madras Baking Company,https://www.zomato.com/hyderabad/the-old-madras-baking-company-gachibowli,350.0,,Bakery,7 AM to 11 PM,1,0,3.6161616161616164,1.192725148446253,1.34,299.4193548387097,1,Budget,1,Budget Everyday,0.6353316204628141,-1.718335210926048,Budget Everyday
Squeeze @ The Lime,https://www.zomato.com/hyderabad/squeeze-the-lime-gachibowli,650.0,Veggie Friendly,"Italian, North Indian, Chinese, Salad","7 AM to 10:30 AM, 12:30 PM to 3:30 PM, 7 PM to 11 PM",4,1,3.815,1.391995515492602,0.13,151.40425531914894,1,Mid,1,Budget Everyday,0.02944016379989519,0.1821900524136655,Budget Everyday
Khaan Saab,https://www.zomato.com/hyderabad/khaan-saab-gachibowli,1100.0,New on Gold,"North Indian, Mughlai","12 Noon to 3:30 PM, 7 PM to 11:30 PM",2,1,3.8,1.477097891751993,0.74,216.28735632183907,1,Upper-Mid,1,Budget Everyday,0.031874471776448324,-0.4510511506115825,Budget Everyday
Olive Garden,https://www.zomato.com/hyderabad/olive-garden-gachibowli,700.0,,"North Indian, Chinese, Continental, Biryani","12 Noon to 3:30 PM, 7 PM to 11 PM",4,0,3.76,1.2642720586898366,0.33,145.72368421052633,1,Mid,1,Budget Everyday,-0.009397097796619215,-0.178057505101612,Budget Everyday
Tandoori Food Works,https://www.zomato.com/hyderabad/tandoori-food-works-gachibowli,500.0,Brilliant Biryanis,"North Indian, Burger, Kebab","12noon to 12midnight (Mon, Tue, Wed, Thu, Sun), 12noon to 1am (Fri-Sat)",3,1,3.27,1.5625348480962442,0.23,294.09589041095893,1,Budget,1,Budget Everyday,1.2066923577623918,0.4661955021630645,Budget Everyday
Delhi-39,https://www.zomato.com/hyderabad/delhi-39-gachibowli,600.0,,"North Indian, Chinese",11am to 11pm (Mon-Sun),2,0,2.975,1.6055066225810206,0.04,14.902439024390244,1,Mid,1,Budget Everyday,2.0835731963243145,0.08153677177542416,Budget Everyday
Al Saba Restaurant,https://www.zomato.com/hyderabad/al-saba-restaurant-gachibowli,750.0,,"North Indian, Chinese, Seafood, Biryani, Hyderabadi",6 AM to 11:30 PM,5,0,3.155,1.490195228210659,0.13,120.54878048780488,1,Upper-Mid,1,Budget Everyday,0.7710222641768253,1.3490030025299287,Budget Everyday
GD's,https://www.zomato.com/hyderabad/gds-gachibowli,500.0,,"Burger, American",11:30 AM to 5 AM,2,0,3.96,1.3552740227598536,0.36,178.65934065934067,1,Budget,1,Budget Everyday,0.6493816329747096,-1.3220491177868066,Budget Everyday
T Grill,https://www.zomato.com/hyderabad/t-grill-gachibowli,700.0,,"North Indian, Andhra, Biryani, Chinese","12:30 PM to 3:30 PM, 7 PM to 11 PM",4,0,3.17,1.4288159963813225,0.55,322.22,1,Mid,1,Budget Everyday,0.7593217231375181,0.7398668225285238,Budget Everyday
Momos Delight,https://www.zomato.com/hyderabad/momos-delight-gachibowli,200.0,,Momos,6pm to 2am (Mon-Sun),1,0,3.725,1.5065094447333236,0.23,96.625,1,Budget,1,Budget Everyday,1.7372156240322265,-1.4618045677752958,Budget Everyday
The Chocolate Room,https://www.zomato.com/hyderabad/the-chocolate-room-gachibowli,600.0,,"Cafe, Desserts",10 AM to 12 Midnight,2,0,2.83,1.463736742903331,0.69,86.18888888888888,1,Mid,1,Budget Everyday,1.6748561756628946,0.06005650812903216,Budget Everyday
American Wild Wings,https://www.zomato.com/hyderabad/american-wild-wings-gachibowli,600.0,Food Hygiene Rated Restaurants in Hyderabad,"American, Fast Food, Salad, Burger",12 Noon to 4 AM,4,1,3.9740259740259742,1.423247084126424,2.831168831168831,474.0943396226415,1,Mid,0,Mid-Premium / Photogenic,-1.1515553518824986,0.5269224470921888,Mid-Premium / Photogenic
Domino's Pizza,https://www.zomato.com/hyderabad/dominos-pizza-4-gachibowli,400.0,,"Fast Food, Pizza",11 AM to 11 PM,2,0,3.09,1.8537158968576133,0.04,51.48275862068966,1,Budget,1,Budget Everyday,2.633311062651376,0.377250994466689,Budget Everyday
Mohammedia Shawarma,https://www.zomato.com/hyderabad/mohammedia-shawarma-gachibowli,150.0,,"Street Food, Arabian",1 PM to 1 AM,2,0,2.99,1.783736856074116,0.04,11.984848484848484,1,Budget,1,Budget Everyday,2.8242354426565557,0.25623708513144206,Budget Everyday
Arena Eleven,https://www.zomato.com/hyderabad/arena-eleven-gachibowli,1600.0,New on Gold,Continental,12 Noon to 12 Midnight,1,1,4.117647058823529,1.1589379857878335,3.2941176470588234,271.19444444444446,1,Premium,0,Mid-Premium / Photogenic,-2.1572740608357157,-1.2972221625751839,Mid-Premium / Photogenic
Cascade - Radisson Hyderabad Hitec City,https://www.zomato.com/hyderabad/cascade-radisson-hyderabad-hitec-city-gachibowli,1800.0,,"North Indian, Italian, Continental, Asian",24 Hours,4,0,4.26,1.0432079506420706,1.55,359.59090909090907,1,Premium,0,Mid-Premium / Photogenic,-2.4252468873615465,-0.5064229642884699,Mid-Premium / Photogenic
Collage - Hyatt Hyderabad Gachibowli,https://www.zomato.com/hyderabad/collage-hyatt-hyderabad-gachibowli-gachibowli,2800.0,Sunday Brunches,"Continental, Italian, North Indian, Chinese, Asian",24 Hours (Mon-Sun),5,1,3.41,1.4449144534462164,1.73,187.6421052631579,1,Premium,0,Mid-Premium / Photogenic,-2.4040770542161836,2.193433893440741,Mid-Premium / Photogenic
Zing's Northeast Kitchen,https://www.zomato.com/hyderabad/zings-northeast-kitchen-gachibowli,550.0,,"North Eastern, Momos","11:30 AM to 4 PM, 7 PM to 11 PM",2,0,3.65,1.402558988838515,1.21,295.03125,1,Mid,1,Budget Everyday,0.6230155996241173,-0.7740454913312457,Budget Everyday
Dunkin' Donuts,https://www.zomato.com/hyderabad/dunkin-donuts-gachibowli,550.0,,"Desserts, Cafe, Beverages, Burger, Fast Food",10 AM to 11 PM,5,0,3.095,1.4047088918018105,0.98,405.02150537634407,1,Mid,1,Budget Everyday,0.49073919969554364,1.3198189899465662,Budget Everyday
Desi Bytes,https://www.zomato.com/hyderabad/desi-bytes-gachibowli,400.0,,"North Indian, Chinese","1 PM to 2 AM (Mon, Wed-Sun), Tue Closed",2,0,2.9,1.6236882817719773,0.1,236.76190476190476,1,Budget,1,Budget Everyday,2.347370450017862,0.13142447926829562,Budget Everyday
Hyderabadi Daawat,https://www.zomato.com/hyderabad/hyderabadi-daawat-1-gachibowli,600.0,Food Hygiene Rated Restaurants in Hyderabad,"Hyderabadi, Chinese, Mughlai",12:30pm to 11:30pm (Mon-Sun),3,1,3.83,1.3930201184853903,2.34,567.1875,1,Mid,0,Mid-Premium / Photogenic,-0.6182279013394795,-0.006605794387971782,Mid-Premium / Photogenic
Zega - Sheraton Hyderabad Hotel,https://www.zomato.com/hyderabad/zega-sheraton-hyderabad-hotel-gachibowli,1750.0,,"Asian, Sushi",12Noon to 2AM (Mon-Sun),2,0,4.45,0.8087276451565163,0.83,351.8414634146341,1,Premium,2,Premium & Curated,-2.1983822893861884,-2.3374068729380997,Premium & Curated
Triptify,https://www.zomato.com/hyderabad/triptify-gachibowli,400.0,,North Indian,11 AM to 11 PM,1,0,3.55,1.5978204852330264,0.14,108.77906976744185,1,Budget,1,Budget Everyday,1.9267041232770588,-1.0676590103855315,Budget Everyday
Chinese Pavilion,https://www.zomato.com/hyderabad/chinese-pavilion-gachibowli,1000.0,,"Chinese, Seafood","12 Noon to 3:30 PM, 7 PM to 11 PM",2,0,3.745,1.122530960631268,2.01,380.9247311827957,1,Upper-Mid,0,Mid-Premium / Photogenic,-0.7507266205298415,-1.113891181176343,Mid-Premium / Photogenic
IndiBlaze,https://www.zomato.com/hyderabad/indiblaze-gachibowli,600.0,,"Fast Food, Salad",11 AM to 11 PM,2,0,3.613080808080808,1.4299462218341992,0.56,171.4923484848485,0,Mid,1,Budget Everyday,0.9372389213207237,-0.7790268227159844,Budget Everyday
Sweet Basket,https://www.zomato.com/hyderabad/sweet-basket-gachibowli,200.0,,"Bakery, Mithai","10 AM to 10 PM (Mon-Thu), 8 AM to 10:30 PM (Fri-Sun)",2,0,3.613080808080808,1.4299462218341992,0.56,171.4923484848485,0,Budget,1,Budget Everyday,1.3068047296883485,-0.9129793432693023,Budget Everyday
Angaara Counts 3,https://www.zomato.com/hyderabad/angaara-counts-3-gachibowli,500.0,,"North Indian, Biryani, Chinese",12 Noon to 11 PM,3,0,3.613080808080808,1.4299462218341992,0.56,171.4923484848485,0,Budget,1,Budget Everyday,0.7798257965117272,-0.28085854477156996,Budget Everyday
Wich Please,https://www.zomato.com/hyderabad/wich-please-1-gachibowli,250.0,,Fast Food,8am to 12:30AM (Mon-Sun),1,0,3.613080808080808,1.4299462218341992,0.56,171.4923484848485,0,Budget,1,Budget Everyday,1.510413580543298,-1.4278916862828817,Budget Everyday
Republic Of Noodles - Lemon Tree Hotel,https://www.zomato.com/hyderabad/republic-of-noodles-lemon-tree-hotel-gachibowli,1700.0,Pan-Asian Delicacies,"Thai, Asian, Chinese, Malaysian","11:30 AM to 3 PM, 7 PM to 12 Midnight",4,1,3.613080808080808,1.4299462218341992,0.56,171.4923484848485,0,Premium,0,Mid-Premium / Photogenic,-0.8620307747251945,0.8726704166595212,Mid-Premium / Photogenic
